text,score
"إسرائيل تصف قرار المدعي العام بـ ""الفضيحة"" وحماس تعدّه مساواة بين ""الضحية والجلاد""صدر الصورة،Reutersالتعليق على الصورة،كريم خان (يسار)، والقادة الصادر بحقهم مذكرات أوامر قبض20 مايو/ أيار 2024آخر تحديث 21 مايو/ أيار 2024توالت ردود الأفعال حول عزم المدعي العام في المحكمة الدولية إصدار مذكرات توقيف في حق نتنياهو وغالانت بالإضافة إلى عدد من قادة حماس، إذ أعربت فرنسا عن دعمها لاستقلالية المحكمة الجنائية الدولية التي طلب المدعي العام فيها إصدار مذكرات توقيف بحق قادة إسرائيليين، وقادة من حركة حماس.وقال بيان صادر عن الخارجية الفرنسية إن ""فرنسا تدعم المحكمة الجنائية الدولية واستقلاليتها ومكافحة الإفلات من العقاب في جميع الحالات""، مدينة ""المجازر المعادية للسامية التي ارتكبتها حماس"" خلال هجومها على إسرائيل، ومجددة تحذير إسرائيل ""بضرورة الإلتزام الصارم بالقانون الإنساني الدولي، وخاصة المستوى غير المقبول للضحايا المدنيين في قطاع غزة وعدم وصول المساعدات الإنسانية بشكل كاف"".وفي وقت سامق من مساء الإثنين، عبّر الرئيس الأمريكي جو بايدن عن رفضه تحرك الإدعاء العام في المحكمة الجنائية الدولية بهدف إصدار مذ",7
إسرائيل تعتزم توسيع الاجتياح العسكري لرفح، والجيش يواصل غاراته على جباليا ويحاصر مستشفى العودةصدر الصورة،Getty Imagesالتعليق على الصورة،آثار غارة جوية إسرائيلية على مخيم جباليا للاجئين شمال قطاع غزة18 مايو/ أيار 2024آخر تحديث 20 مايو/ أيار 2024تتواصل الغارات الجوية والقصف المدفعي في مختلف مناطق قطاع غزة لليوم 227.وتتركز في هذه الآونة الغارات في منطقتي مخيم جباليا للاجئين شمالي القطاع وفي رفح في الجنوب.وبحسب شهود عيان فإن قوات إسرائيلية تحاصر في هذه الأثناء بيت لاهيا، كما خرج مستشفى كمال عدوان في الشمال عن الخدمة.وأكدت مصادر طبية وشهود عيان أن مقاتلات إسرائيلية قصفت محيط مسجد الشيخ زكريا في حي الدرج شرقي مدينة غزة، ما أدى إلى وقوع عدد من القتلى، وفي رفح جنوبا تسببت سلسلة غارات في مقتل خمسة أشخاص  وإصابة ثمانية على الأقل من جراء قصف منزل لعائلة خفاجة غربي المدينة.و أكد جهاز الدفاع المدني في غزة أنه تمكن من انتشال المئات من القتلى في مخيم جباليا وأنه لا يزال هناك آخرون تحت الأنقاض، بعد تدمير الجيش الإسرائيلي 300 منزل في جباليا منذ بداية التوغل الحالي منذ تسعة أيام.تخطى قصص مقترحة وواصل ال,6
"انقسام في إسرائيل على خطة إدارة غزة بعد الحرب، ونتنياهو يؤكد: لست مستعداً لاستبدال ""حماستان بفتحستان""صدر الصورة،AFPالتعليق على الصورة،رئيس الوزراء الإسرائيلي بنيامين نتنياهو14 مايو/ أيار 2024آخر تحديث 16 مايو/ أيار 2024انتقد وزير الدفاع الإسرائيلي يوآف غالانات التأخر في الاتفاق على خطة لإدارة قطاع غزة بعد الحرب، وأيده لاحقاً عضو حكومة الحرب الإسرائيلية بيني غانتس.وصرح غالانت بأن استمرار التردد قد يؤدي مستقبلا إلى احتلال عسكري لغزة، وهو ما سيكون في خطر على أمن إسرائيل على حد وصفه.وشدد غالانت على أن الكيان الفلسطيني، الذي سيدير القطاع، لابد أن يكون مدعوما دوليا، وليس معاديا لإسرائيل. وينسجم كلامه مع التصريح، الذي أدلى به وزير الخارجية الأمريكي أنتوني بلينكن، الأربعاء.وعلق غانتس بأن غالانت ""قال الحقيقة"".ويعارض غالانت بتصريحاته، رئيس الوزراء، بنيامين نتنياهو، عندما وصف النقاش عن مستقبل إدارة قطاع غزة بأنه ""كلام فارغ""، ما دامت حماس هناك.تخطى قصص مقترحة وواصل القراءةقصص مقترحةما أثر الخلاف بين نتنياهو وغالانت على مجرى الحرب ومصيرهما؟محكمة العدل الدولية تأمر إسرائيل بالوقف الفوري لعملياتها ال",10
"تيك توك و""الإنسان الأخير"": لماذا أصبح التطبيق مرادفاً لـ""الانحطاط""؟صدر الصورة،Getty Imagesالتعليق على الصورة،تظل هيمنة السرعة على التطبيق، مهما كان المحتوى المقدّم، تنطوي على ضرر شامل على مستوى القوى الإدراكية.Article informationAuthor,جوي سليمRole,بي بي سي نيوز23 مايو/ أيار 2024في 24 أبريل/ نيسان الماضي، بعد سنوات من المحادثات حول حظر تطبيق تيك توك في الولايات المتحدة، وقّع الرئيس جو بايدن على قانون من شأنه أن يجبر المنصة الرقمية إما على بيع نفسها لكيان أميركي، أو حظرها على المستوى الوطني.وبقي أمام ""بايت دانس""، الشركة الصينية الأم لتيك توك، حوالي تسعة أشهر، لتصفية استثماراتها.ويبدو أن الشركة تفضّل إغلاق التطبيق في الولايات المتحدة بدلاً من بيعه. وبالنظر إلى أن جمهور تيك توك في الولايات المتحدة لم يولد سوى حوالي 13 بالمئة من إيراداتها لعام 2023، سيكون التخلي عن السوق الأمريكية الخيار المفضّل للشركة على المستوى الاستراتيجي. مع العلم أن تيك توك قد حُظر بالفعل بشكل مباشر في العديد من البلدان، بما في ذلك الهند، ولا يبدو أن التطبيق قد تأثر بشكل كبير.وفي سياق قريب، أثار تيك توك الجدل في عدد ",2
"اليوم العالمي للشاي: أكثر المشروبات استهلاكاً في العالم بعد الماءصدر الصورة،Getty Images21 مايو/ أيار 2024الشاي هو أكثر المشروبات استهلاكاً في العالم بعد الماء، وتخصص الجمعية العامة للأمم المتحدة يوم 21 مايو/أيار يوماً دولياً لهذا المشروب المحبب، منذ عام 2019.وبحسب موقع الأمم المتحدة، يُنسب الشاي إلى نوعٍ من أنواع نبتة الكاميليا سينيسيس أو الكاميليا الصينية، ويُعتقد أن استهلاكه بدأ ""في شمال شرق الهند وشمال ميانمار وجنوب غرب الصين"".لا يُعرف على وجه التحديد الموقع الأول لنمو نبتة الشاي، ولكن هناك أدلة على أن استهلاك الشاي ""بدأ في الصين قبل 5 آلاف عام"".وإلى جانب أهميته الاقتصادية، فإنّ لمشروب الشاي دور ثقافي وتاريخي مهمّ في عديد من دول العالم، خصوصاً في بريطانيا حيثُ يخصّص لاحتسائه وقت محدّد في اليوم، بين الثالثة والخامسة من بعد الظهر.ولا يمكن التأكد من المعلومات التاريخية حول متى ظهرت هذه العادة، إلا أن إحدى الروايات تقول إنها ظهرت على يد آنا، دوقة بيدفورد السابعة، في عام 1840.تخطى قصص مقترحة وواصل القراءةقصص مقترحةكيف أصبح الأول من مايو/أيار عيداً لعمال العالم؟محكمة العدل الدولية تأمر إ",1
"ناريندرا مودي: عقد من الشعبية والاستقطاب السياسي في الهندصدر الصورة،Reutersالتعليق على الصورة،سوف يصنع السيد مودي التاريخ إذا فاز بولاية ثالثة على التوالي كرئيس للوزراء في الهندArticle informationAuthor,شارانيا هريشيكيش- فيكاس بانديRole,بي بي سي19 مايو/ أيار 2024بعد عشر سنوات من توليه منصب رئيس الوزراء، يسعى ناريندرا مودي، إلى فترة ولاية ثالثة تاريخية، فما هي المقومات التي جعلته الزعيم الأبرز في الهند منذ عقود؟يشعر العديد من الناخبين أن الأمور تحسنت منذ تولي  مودي منصبه في العام 2014، ولكن هل سيحصل على دعم الفئات التي تعاني في الانتخابات العامة المقبلة؟وفي دائرة مودي الانتخابية في مدينة فاراناسي الشمالية، يقول خياط لملابس الساري النسائية شيف جوهري باتيل، إن لديه الكثير من المخاوف، لكن من المعروف لمن سيذهب صوته.ويقول جوهري باتيل: ""قام السيد مودي بعمل عظيم. لم نر فقراء يحصلون على هذا القدر الكبير من مزايا الرعاية الاجتماعية في ظل أي حكومة أخرى"".وتحدث أيضا عن أن أبناءه لا يستطيعون العثور على وظائف، وأن الوسطاء المحليين خدعوه للحصول على مدفوعات الرعاية الاجتماعية التي تقدمها الحكومة الفيدر",0
"علاج جديد مبتكر قد يعالج الشلل الناتج عن كسر في الرقبةالتعليق على الصورة،ميلاني ريد بدأت تستخدم يدها اليسرى مرة أخرى بعد أن ظلت مشلولة بعد كسر رقبتها قبل 14 عاماArticle informationAuthor,بالاب غوشRole,المراسل العلمي23 مايو/ أيار 2024عانت ميلاني ريد من مشكلات في يدها اليسرى والتي كانت ""ملتصقة مثل كف من أصابع الموز""، منذ أن كسرت رقبتها في حادث ركوب خيل قبل 14 عامًا.يمكنها الآن استخدام يدها لتمرير شاشة هاتفها الذكي وفك حزام الأمان بعد علاج جديد مبتكر باستخدام النبضات الكهربائية.ويُعتقد أن هذا العلاج بالنبضات، إلى جانب العلاج الطبيعي، يعيد بعض الحركة للأشخاص المصابين بالشلل من الرقبة إلى الأسفل. وأشارت دراسة باستخدام هذه التقنية على 60 مريضا إلى أن 43 منهم أظهروا بعض التحسن في استخدام أذرعهم وأيديهم.يتقدم الفريق الطبي مبتكر هذه التقنية بطلب للحصول على موافقة الجهات التنظيمية لعلاج المرضى في المستشفيات في الولايات المتحدة.وتعمل هذه التقنية العلاجية باستخدام أقطاب كهربائية متصلة حول المنطقة المصابة. وتعمل نبضات الكهرباء عالية التردد على تعزيز النبضات التي يرسلها دماغنا إلى أيدينا وأذرعنا عبر",2
"لماذا النسيان مفيد؟صدر الصورة،Getty ImagesArticle informationAuthor,ديفيد روبسونRole,الكاتب والمؤلف العلمي19 مايو/ أيار 2024كتب عالم الأعصاب تشاران رانجاناث في كتابه الجديد 'لماذا نتذكر' أن ""الذاكرة هي أكثر بكثير من مجرد أرشيف للماضي، إنها المنظور الذي نرى من خلاله أنفسنا والآخرين والعالم"".أمضى البروفيسور رانجاناث، أستاذ علم النفس في جامعة كاليفورنيا، الثلاثين عاما الماضية في استكشاف العمليات الدماغية التي تقف وراء قدرتنا على التذكر، والنسيان. ويجادل بأن العديد من افتراضاتنا الشائعة حول الذاكرة خاطئة ومضللة، فغالبا ما تنشأ وتنبثق عيوب الدماغ الواضحة من ميزاته الأكثر فائدة، الأمر الذي يخلق مرونة معرفية كانت ضرورية لبقائنا.وقد تحدث إلى الكاتب العلمي ديفيد روبسون حول هذا الفهم المتطور للدماغ، والطرق التي يمكننا من خلالها استخدام هذه المعرفة للاستفادة بشكل أفضل من عقولنا غير الكاملة.سأله ديفيد:كتابك مليء بالمفاهيم غير البديهية. لنبدأ بفكرة ""التعلم القائم على الأخطاء"". لماذا نتعلم بشكل أفضل عندما نسمح لأنفسنا بارتكاب الأخطاء؟فأوضح البروفيسور أن الذكريات تتشكل من خلال التغيرات في قوة الاتصال",2
"لماذا يتمسك الفلسطينيون بالاعتراف الأممي بـ ""دولة فلسطين""؟صدر الصورة،Getty Imagesالتعليق على الصورة،فلسطينيون في الضفة الغربية المحتلة يحيون الذكرى الـ 76 لما يُعرف بالـ ""النكبة الفلسطينية""Article informationAuthor,إيمان عريقاتRole,بي بي سي عربي - رام الله22 مايو/ أيار 2024أعلنت النرويج وإسبانيا وإيرلندا اليوم أنها ستعترف رسميًا بفلسطين كدولة الأسبوع المقبل.ورداً على الإعلان استدعت إسرائيل سفراءها من النرويج وإيرلندا وإسبانيا للتشاور معهم على خلفية هذا القرار.وعلق وزير الخارجية الإسرائيلي يسرائيل كاتس عبر تغريدة على موقع ""اكس"" أن اعتراف ايرلندا والنرويجبدولة فلسطينية يرسل رسالة للعالم بأن ""الإرهاب يؤتي ثماره"".وكان أكد الرئيس الفلسطيني محمود عباس في كلمته الأخيرة أمام القمة العربية التي انعقدت في العاصمة البحرينية المنامة على أهمية اعتراف المزيد من الدول"" بدولة فلسطين""، وأن تلك الاعترافات تعكس المزيد من التزام الدول بالعدل والقانون الدولي، وحق الفلسطينيين بإنهاء الاحتلال والاستقلال وإقامة دولتهم المستقبلية، بحسب تعبير الرئيس الفلسطيني.تخطى قصص مقترحة وواصل القراءةقصص مقترحةنقطة حوار - ل",9
من تبريز إلى مشهد: ما خصوصية المدن التي تمرّ بها مراسم تشييع الرئيس الإيراني؟21 مايو/ أيار 2024آخر تحديث 22 مايو/ أيار 2024تجمّعت حشود من الإيرانيين في وقت مبكر الأربعاء في وسط طهران للمشاركة في مراسم تشييع الرئيس الإيراني ابراهيم رئيسي ومرافقيه، وفق ما أفاد التلفزيون الرسمي.وتجمّع إيرانيون في جامعة طهران ومحيطها، حيث أمَّ المرشد الأعلى للجمهورية الإسلامية آية الله علي خامنئي الصلاة على جثمان رئيسي وسبعة من وفد مرافق له بمن فيهم وزير الخارجية حسين أمير عبد اللهيان.ومن المقرر أن تستمر مراسم التشييع حتى يوم الخميس-الجمعة، إذ تشهد عدة مدن إيرانية مراسم رسمية وشعبية للتشيع الرئيس ومرافقيه، ابتداءً من تبريز وصولاً إلى مدينة مشهد حيث يوارى الثرى.فماذا نعرف عن المدن التي تمرّ منها مراسم التشييع؟تبريزصدر الصورة،Getty Imagesتبريز هي عاصمة محافظة أذربيجان الشرقية، وهي أقرب عاصمة لمكان تحطم الطائرة.تخطى قصص مقترحة وواصل القراءةقصص مقترحةمصرع الرئيس الإيراني في حادث تحطم الطائرة، فمن هو إبراهيم رئيسي؟أبرز ما نعرفه حتى الآن عن مصرع الرئيس الإيراني ومرافقيه منذ سقوط مروحيتهمتعرض مروحية ضمن موكب الرئ,0
"التعذيب الأبيض: من تزمامارت، إيفين، أبوغريب وغوانتانامو..قصص معذبين ""بدون لمس""صدر الصورة،Reutersالتعليق على الصورة،مجموعة من الأشخاص يرتدون زي السجناء يحتجون على معسكر الاعتقال في غوانتانامو خارج مبنى الكابيتول الأمريكي في 9 يناير 2023Article informationAuthor,سهام فضل اللهRole,بي بي سي عربي18 مايو/ أيار 2024تحذير: يحتوي هذا التقرير على تفاصيل قد يجدها البعض مزعجة."" طلبت من أحد الحراس إن كان بإمكانه إغلاق الباب بدون رجة، أجابني بهدوء إنها أوامر المدير للتأكد من انغلاقها فعلا، وكثيرا ما رجوناهم من بعد، لكن بعض الساديين منهم كانوا يتلذذون بكل ما يثير غضبنا ويغلقون الأبواب بضجيج أكبر، وقد كنا نعي بأننا نخضع لحرب أعصاب"".هذا مقطع من مذكرات ""تذكرة ذهاب وإياب إلى الجحيم"" للراحل محمد الرايس، أحد أشهر الناجين من سجن تازمامارت السابق بالمغرب، وهو يروي جانبا من التعذيب ""الأبيض"" الذي كان يتعرض له إبان الاعتقال، إلى جانب عدد من زملائه العسكريين الذين اتهموا بالمشاركة في محاولتي الانقلاب على الملك الراحل الحسن الثاني عامي 1972 و 1973.ما ذكره الرايس في مذكراته يجسد جانبا من معاناة سجناء ومعتقلين في ع",3
"محمد صلاح يلمح إلى البقاء في ليفربول بعد تعيين المدير الفني الجديدصدر الصورة،Getty Imagesالتعليق على الصورة،سجل صلاح 18 هدفاً في الدوري الإنجليزي هذا الموسم، وأنهى ليفربول الموسم في المركز الثالث21 مايو/ أيار 2024ألمح النجم المصري محمد صلاح إلى بقاءه في نادي ليفربول الموسم المقبل، بعد تعيين آرني سلوت مديرا فنيا جديدا للفريق.وكان ليفربول قد رفض عرضاً من نادي الاتحاد السعودي في سبتمبر/أيلول الماضي لضم صلاح مقابل 150 مليون إسترليني، وعادت تقارير للإشارة إلى إمكانية رحيل النجم المصري إلى السعودية.وسجل صلاح 25 هدفاً في 44 مباراة في جميع المسابقات هذا الموسم، لكن البطولة الوحيدة التي حصل عليها ليفربول في الموسم الأخير لكلوب كانت كأس رابطة الأندية الإنجليزية المحترفة.وقال صلاح: ""نعلم أن الألقاب هي أهم ما في الأمر، وسوف نفعل كل ما في وسعنا من أجل أن نفوز بها الموسم المقبل"".وأضاف: ""جمهورنا يستحق، وسوف نقاتل بكل ما أوتينا من قوة"".تخطى قصص مقترحة وواصل القراءةقصص مقترحةناريندرا مودي: عقد من الشعبية والاستقطاب السياسي في الهندمانشستر سيتي بطلاً للدوري الإنجليزي للمرة الرابعةشهادات لبي بي سي من داخ",2
"أوضح رئيسالمحكمة الجنائية الدوليةالسابق القاضي النيجيري شيلي إيبوي-أوسوجي أنه من الممكن أن تعتقل هذه المحكمة رئيس الوزراء الإسرائيليبنيامين نتنياهووالمتهمين الآخرين الذين من المتوقع صدور مذكرات توقيف ضدهم خلال الفترة المقبلة.وأجاب أوسوجي على أسئلة وجهتها له ""فورين بوليسي"" الأميركية بشأن اختصاص المحكمة العليا بالحرب بينإسرائيلوالفلسطينيين فيغزة، خاصة وأنه كان من المعلوم -كما أشارت المجلة- إلى أن المحكمة لم تستطع اعتقال متهمين من قبل بينهم الرئيس السوداني السابقعمر البشيروالرئيس الروسيفلاديمير بوتين.اقرأ أيضاlist of 2 itemslist 1 of 2اختبار اجتماعي جديد في الحرم الجامعي: صهيوني أنت أم لا؟اختبار اجتماعي جديد في الحرم ...list 2 of 2بعيدا عن مانديلا قريبا من ترامب.. شبح زوما يطل على جنوب أفريقيابعيدا عن مانديلا قريبا من ...end of listحصانة الرؤساءوقال القاضي النيجيري إن البشير لم يتم القبض عليه أو محاكمته حتى اليوم، على الرغم من صدور مذكرة اعتقاله عام 2009، لأن الدول التي سافر إليها خلال فترة طلب التوقيف كانت حجتها أن القانون الدولي العرفي يعترف بحصانته كرئيس للدولة.ويشير إلى أنه بعد ذلك، و",7
"قال وزير الخارجية الأميركيأنتوني بلينكن-اليوم الثلاثاء- إنه لو توفرت لدى واشنطن معلومات عن موقع وجود رئيس حركة المقاومة الإسلامية (حماس) في غزةيحيى السنوار""سنمررها إلى إسرائيل""، وذلك في ظل الحرب الإسرائيلية المستمرة علىقطاع غزةلليوم الـ228.وأوضح بلينكن -في كلمة له أمام لجنة العلاقات الخارجية بمجلس الشيوخ- أنه ما من جهة دافعت عن إسرائيل أكثر من الرئيسجو بايدن، خاصة بعد هجمات المقاومة الفلسطينية في السابع من أكتوبر/تشرين الأول الماضي، مؤكدا وقوفهم مع إسرائيل لضمان ""ألا تتكرر"" تلك الأحداث.وزعم بلينكن أن أسرع وسيلة لوقف الحرب الإسرائيلية على غزة هي ما سماه ""استسلام حماس، وإلقاء سلاحها، وإطلاق سراح الأسرى والرهائن""، لافتا إلى انهم يحققون في بعض هجمات إسرائيل في غزة ""التي نقيّم أنها انتهكت القانون الدولي الإنساني"".وفيما يتعلق بالتوغل البري الإسرائيلي فيرفحجنوبي قطاع غزة، قال وزير الخارجية الأميركي ""أوضحنا لإسرائيل معارضتنا أي عملية عسكرية كبرى في رفح لا تضع في اعتبارها سلامة المدنيين، وأن أي هجوم باستخدام قنابل كبيرة ستكون له تداعيات خطيرة"".وبشأن الوضع الإنساني في غزة، أوضح بلينكن أن بلاده ت",10
"أكدت صحيفة ""واشنطن بوست"" اليوم الثلاثاء أن إسرائيل جعلت من المستشفيات هدفا رئيسيا لحربها المستمرة علىقطاع غزة، موثقة 90 حادثة استهداف منذ 7 أكتوبر/تشرين الأول الماضي.وذكرت الصحيفة أن 23 من أصل 36 مستشفى في غزة تعرضت لأضرار أو خرجت من الخدمة جراء القصف الإسرائيلي.وأوضحت أن الكثير من الاستهدافات الإسرائيلية لمستشفيات قطاع غزة لم تحظ بتغطية إعلامية تذكر كالتي حظي بهما مستشفياالشفاءشمال القطاع وناصر جنوبه، مشيرة إلى أن عددا من المستشفيات التي تعرضت للقصف الإسرائيلي لم يلاحظها أحد مع احتدام القتال.نمط متكررورصدت الصحيفة -بناء على صور أقمار صناعية ومعلومات مؤسسات الإغاثة الدولية والهلال الأحمر الفلسطيني- نمطا إسرائيليا عسكريا ظهر ضد 7 مستشفيات على الأقل يبدأ بحصار المبنى وصولا إلى مداهمته، مشيرة إلى أن هذا النمط بدأ بالظهور منذ نوفمبر/تشرين الثاني الماضي، بداية باقتحام مستشفى الشفاء.كما أشارت الصحيفة إلى أن الجيش الإسرائيلي لم يتح فرصة إخلاء المستشفيات التي حاصرها وشن عمليات فيها.""لا دعم لادعاءات إسرائيل""وفي تقريرها نقلت ""واشنطن بوست"" عن بيان للجيش الإسرائيلي أن استهداف المستشفيات في غزة كان",6
"بوتين وشي: انتهاء علاقة الأقران الأندادصدر الصورة،Getty Imagesالتعليق على الصورة،الرئيس الروسي والرئيس الصينيArticle informationAuthor,لورا بيكرRole,بي بي سي نيوز-مراسلة الشؤون الصينية20 مايو/ أيار 2024اعتبرت زيارةُ الدولة التي قام بها فلاديمير بوتين إلى الصين هذا الأسبوع بمثابة استعراض للقوة. فقد كانت فرصة للرئيس الروسي ليثبت للعالم أن لديه حليفاً قوياً في صفه.ويُعتقد على نطاق واسع أن الزعيم الروسي أصبح منبوذاً بعد غزو أوكرانيا وأن غالبية ساحقة تراه بنفس العين.لكن بالنسبة للرئيس الصيني شي جين بينغ، فإن بوتين هو ذلك الشريك الذي لا غنى عنه في مشوار إقامة نظام عالمي جديد متعدد الأقطاب، واستبدال النموذج أحادي القطب الذي تقوده حاليا الولايات المتحدة.الصين ترسل وزير خارجيتها إلى روسيا لإجراء محادثات أمنيةاتفاقية أوكوس: هل يقترب الصراع الغربي مع الصين؟ورحّب السيد شي بضيفه. فبسط لقدومه السجادة الحمراء، كما عُزفت موسيقى الجيش الأحمر من الحقبة السوفيتية الغابرة، وتم نقل الأطفال إلى ساحة تيانانمن ليكونوا في استقبال القائدين أثناء جولتهما في قلب العاصمة الصينية.وكان هناك أيضاً عناقٌ قصير من أجل ا",2
"محكمة العدل الدولية تأمر إسرائيل بالوقف الفوري لعملياتها العسكرية في رفحصدر الصورة،Getty Images24 مايو/ أيار 2024، 10:29 GMTآخر تحديث قبل 50 دقيقةقضت محكمة العدل الدولية بأنه يتعين على إسرائيل أن توقف ""على الفور"" هجومها العسكري أو أي أعمال أخرى في رفح، مشيرة إلى ""الخطر المباشر"" على الشعب الفلسطيني.كما أمرت المحكمة إسرائيل بفتح معبر رفح لدخول المساعدات الإنسانية للقطاع، إلى جانب ضمان وصول أي لجنة تحقيق أو تقصي حقائق بشأن تهمة الإبادة الجماعية.ووفقا لقرار المحكمة يتوجب على إسرائيل أن تقدم للمحكمة خلال شهر تقريراً عن الخطوات التي ستتخذها.وأضافت المحكمة بأن إسرائيل لم تؤمن معلومات كافية بشأن سلامة المواطنين خلال عمليات إجلاء الفلسطينيين في قطاع غزة، وذكرت بأن الإجراءات المؤقتة التي أقرتها في مارس/آذار الماضي ""لا تستجيب"" تماما للتطورات الأخيرة.ودعا رئيس محكمة العدل الدولية، نواف سلامة، إلى إطلاق سراح الرهائن الإسرائيليين في غزة فوراً ودون شروط، وقال سلامة ""من المقلق للغاية"" أن الرهائن الإسرائيليين ما زالوا محتجزين في غزة.تخطى قصص مقترحة وواصل القراءةقصص مقترحةما الفرق بين المحكمة الجنائية ا",8
"بي بي سي توثق فرحة أم بابنها الذي لُقب بأصغر رسام في العالمصدر الصورة،Chantelle Kuukua Eghanالتعليق على الصورة،قالت والدة الطفل آيس- ليام إن لديه قدرة على التعرف على الألوان التي تتناسب مع بعضها البعضArticle informationAuthor,دانيا نيستا كوبيمباRole,بي بي سي نيوز23 مايو/ أيار 2024قالت والدة الطفل الغاني الذي لُقب بأصغر رسام في العالم لبي بي سي إنها فخورة بالقدرات الفنية التي يتمتع بها ابنها، وتتمنى أن يحدث ثورة في عالم الفن.وحقق آيس- ليام نانا سام أنكارا هذا الإنجاز وهو في عمر سنة واحدة و152 يوماً.وقالت شانتيل كوكيوا إيغان والدة الطفل آيس، عملت بالفن لثماني سنوات هي أيضاً، إن ابنها ""يعرف الألوان التي تتناسق مع بعضها"".وأكدت أنها اكتشف هذه الموهبة عندما كان عمر الولد لا يتجاوز ستة أشهر.وكُرم آيس- ليام الاثنين الماضي بعد منحه هذا اللقب بعد خمسة أشهر من انتظار تصديق موسوعة جينيس للأرقام القياسية على هذه المحاولة.تخطى قصص مقترحة وواصل القراءةقصص مقترحةعلى حافة حرب نووية: مقابلة مع فيدل كاسترو من أرشيف بي بي سيشهادات لبي بي سي من داخل مستشفيات إسرائيلية: معتقلون من غزة يتعرضون لممارسات تصل إ",3
"تصاعد الخلاف بين نتنياهو والمؤسسة الأمنية الإسرائيلية، والجيش المصري يجري تدريبات ""بالذخيرة الحية""صدر الصورة،EPA23 مايو/ أيار 2024كشف الجيش الإسرائيلي عن معلومات تفيد بتلقي رئيس الوزراء، بنيامين نتنياهو، العام الماضي أربعة تحذيرات من ""ضرر يلحق بتماسك الدولة"" وتأثير ذلك على إسرائيل بشكل عام وعلى الجيش بشكل خاص.ونفت رئاسة الحكومة الإسرائيلية ما كشف عنه الجيش بشأن حصول رئيس الوزراء بنيامين نتنياهو، على ""تحذيرات بخصوص هجوم محتمل من غزة قبل السابع من أكتوبر/ تشرين أول الماضي"".وقال رئيس الوزراء الإسرائيلي، بنيامين نتنياهو، عبر تغريدة على منصة إكس، إن ادعاء المؤسسة الأمنية الإسرائيلية بتحذيره قبل السابع من أكتوبر من هجوم محتمل من غزة ""مناف للحقيقة"".وأضاف أن تقييمات المؤسسة الأمنية لا تشير إلى أي تحذير من نية حماس مهاجمة إسرائيل بل قدمت تقييماً معاكساً، وفق ما قوله.وذكر نتنياهو بأن الأجهزة الأمنية دائماً تدعي بأن حماس ""تم ردعها"".غالانت يهاجم نتنياهو: هل بدأ تبادل الاتهامات بين الحكومة الإسرائيلية والجيش؟تخطى قصص مقترحة وواصل القراءةقصص مقترحةما أثر الخلاف بين نتنياهو وغالانت على مجرى الحرب ومص",10
"الصين تجري مناورات عسكرية ""عقابية"" حول تايوانصدر الصورة،Reutersالتعليق على الصورة،وصفت الصين مناوراتها حول تايوان بأنها ""عقاب قوي"" على ""الأعمال الانفصالية""Article informationAuthor,كيلي نج وروبرت وينجفيلد هايزRole,بي بي سي نيوز- سنغافورة وتايبيه23 مايو/ أيار 2024بدأت الصين مناورات عسكرية لمدة يومين حول تايوان، ووصفها جيشها بأنها ""عقاب قوي"" على ""الأعمال الانفصالية"" للجزيرة المتمتعة بالحكم الذاتي.وتأتي التدريبات بعد ثلاثة أيام من تنصيب الرئيس وليام لاي، الذي دعا الصين إلى التوقف عن تهديد الجزيرة وقبول وجود ديمقراطيتها.وتعتبر الصين تايوان مقاطعة انفصالية ستصبح في نهاية المطاف تحت سيطرة بكين، لكن الجزيرة تعتبر نفسها كيانا مستقلا.ونددت وزارة الدفاع التايوانية بالتدريبات الصينية ووصفتها بأنها ""استفزازات غير عقلانية"".وقالت وزارة الدفاع إن تايبيه، أرسلت قوات بحرية وجوية وبرية ""للدفاع عن سيادة الجزيرة"".تخطى قصص مقترحة وواصل القراءةقصص مقترحةتيك توك و""الإنسان الأخير"": لماذا أصبح التطبيق مرادفاً لـ""الانحطاط""؟الرئيس الفرنسي يزور جزيرة كاليدونيا الجديدة وسط استمرار أعمال شغبردود فعل متباينة حول اتف",2
"حرب غزة: هل تلتزم إسرائيل بقرار محكمة العدل الدولية؟صدر الصورة،Getty Imagesالتعليق على الصورة،محكمة العدل الدولية تأمر إسرائيل بالوقف الفوري لعملياتها العسكرية في رفح23 مايو/ أيار 2024آخر تحديث قبل 39 دقيقةبتت محكمة العدل الدولية، أعلى هيئة قضائية تابعة للأمم المتحدة، ظهر اليوم الجمعة في طلب جنوب أفريقيا إصدار أمر لإسرائيل بوقف عملياتها القتالية في مدينة رفح والانسحاب من غزة، ضمن قضية أوسع نطاقاً تُتهم فيها إسرائيل بارتكاب ""إبادة جماعية"".وتلا رئيس المحكمة نص القرار وطالب فيه إسرائيل بما يلي:وقف العمليات العسكرية وكل الأعمال الأخرى في رفح.فتح معبر رفح لدخول المساعدات الإنسانية إلى القطاع.ضمان وصول أي لجنة تحقيق أو تقصي حقائق بشأن تهمة الإبادة الجماعية.رفع إسرائيل تقريرا للمحكمة خلال شهر يتضمن الخطوات التي ستتخذها.امتناع إسرائيل عن أي أعمال تمثل خطرا على الفلسطينيين.ظروف مزرية اقتضت تغيير القرار السابقوقال رئيس المحكمة إن الظروف السائدة اليوم اقتضت تغيير القرار الذي صدر عنها في 28 مارس/ آذار الماضي. وذكرت المحكمة أن الظروف المعيشية لسكان قطاع غزة تدهورت بشكل ملحوظ وأن الوضع الإنساني في ر",9
"إقبال كبير على جعة ""أسامة بن لاغر"" في حانة بريطانيةجهازك لا يدعم تشغيل الفيديوPlay video, ""إقبال كبير على جعة ""أسامة بن لاغر"" في حانة بريطانية"", المدة 5,1605:16التعليق على الفيديو،إقبال كبير على جعة ""أسامة بن لاغر"" في حانة بريطانيةإقبال كبير على جعة ""أسامة بن لاغر"" في حانة بريطانية23 مايو/ أيار 2024تسبب جعة أسامة بن لاغر بإيقاف حانة ومصنع عن العمل بشكل مؤقت في بريطانيا، بسبب الطلبات الشديدة على هذا النوع من البيرة الذي اقتبس اسمها من اسم  زعيم تنظيم القاعدة الأسبق أسامة بن لادن.وتقول شركة ميتشل برونك الواقعة في شرق انجلترا إنها لم تتوقع أن يكون الإقبال كبيرا على بيرة أسامة بن لاغر لهذا الحد حتى يصل الأمر إلى إغلاق الموقع الالكتروني والطلبات عبر الهاتف لتفادي استلام مزيد من طلبات الزبائن التي لا يمكن تلبيتها.بدأت الشركة إنتاج شراب أسامة بن لاغر قبل عام بالإضافة ولديها أنواع مختلفة من الكحول تحمل أسماء ساخرة مرتبطة بزعماء سياسيين مثل كيم جونغ وبوتين وغيرهما.يمكنكم مشاهدة الحلقات اليومية من البرنامج الساعة الثالثة بتوقيت غرينيتش، من الإثنين إلى الجمعة، وبإمكانكم أيضا الاطلاع على قصص ترندي",1
"حرب الأجيال في ميانمار، الشباب ينتصر على جيش النظامArticle informationAuthor,كوينتين سومرفيلRole,بي بي سي نيوز، ميانمار23 مايو/ أيار 2024يُحضر رجلان مكبري صوت ضخمين، إلى قمة التل الصخري. وعلى عمق نحو 800 متر، في بلدة هباسانج، تقع قاعدة عسكرية ميانمارية مترامية الأطراف.إنه يوم حار للغاية - تصل درجة الحرارة لأكثر من  40 درجة مئوية - وعلى أعمدة الخيزران، يحمل المزيد من مقاتلي المقاومة الشباب مجموعة بطاريات كبيرة وثقيلة ومكبر صوت.يقود التحرُك ناي ميو زين، وهو نقيب انشق عن الجيش بعد أن قضى 12 عاماً في الجيش، قبل أن ينضم إلى المقاومة.ويأتي زين إلى هنا لحث الجنود الموجودين في القاعدة والموالين للجيش الحاكم في البلاد، على تبديل ولائهم، ومع سترته المموهة ذات اللون الأخضر الداكن المتدلية على كتف واحدة، يبدو وكأنه عيستعد لاعتلاء المسرح.في عمق غابة في ولاية كاريني في شرق ميانمار، تواجه قوتان بعضهما البعض في قتال مستمر بطريقة أو بأخرى منذ عقود. لكن التقدم السريع الذي حققته المقاومة في الأشهر الأخيرة يشير إلى أنها قد تكون لها الأفضلية هذه المرة.تخطى قصص مقترحة وواصل القراءةقصص مقترحةنقطة حوار - لماذ",6
"العثور على ملفات حساسة في غرفة نوم ترامب بعد تفتيش مكتب التحقيقات الفيدراليصدر الصورة،Getty ImagesArticle informationAuthor,بيرند ديبوسمان جونيورRole,بي بي سي نيوز22 مايو/ أيار 2024تساءل أحد القضاة كيف يمكن لدونالد ترامب أن يغض الطرف عن وثائق حساسة وُجِدت في غرفة نومه، بعد أن قام مكتب التحقيقات الفيدرالي بتفتيش منزل الرئيس الأمريكي السابق في فلوريدا.عُثِر على الملفات في مقره الخاص، بعد أشهر من اكتشاف الموظفين الفيدراليين أكثر من 100 وثيقة سرية، أثناء تنفيذهم أمر تفتيش في مارالاغو في بالم بيتش خلال صيف عام 2022.وأشار القاضي أيضاً إلى اعتقاد الادعاء بأن ترامب ""كان على الأرجح يأمر موظفيه بتجنب كاميرات المراقبة"" في نادي الغولف.وينفي ترامب 40 تهمة فيدرالية تتعلق بالاحتفاظ غير القانوني بمعلومات عن الدفاع الوطني.كما دفع المتهمان معه، مساعده والت ناوتا والموظف السابق كارلوس دي أوليفيرا، ببراءتهما.تخطى قصص مقترحة وواصل القراءةقصص مقترحةقاض في نيويورك يغرّم ترامب ويهدد بحبسهواشنطن تدرس فرض عقوبات على المحكمة الدولية بسبب أوامر الاعتقال ضد مسؤولين إسرائيلييندونالد ترامب في مواجهة قضية جنائية غير ",1
"السعودية: ""لا سلام مع إسرائيل قبل ضمانات لحل الدولتين""صدر الصورة،Getty Imagesالتعليق على الصورة،ولي العهد السعودي الأمير محمد بن سلمانArticle informationAuthor,نسرين حاطومRole,مراسلة بي بي سي نيوز عربي لشؤون الخليج22 مايو/ أيار 2024منذ نهاية أبريل/نيسان الماضي توالت التقارير الصحافية المتعلقة بإبرام اتفاقية أمنية دفاعية بين المملكة العربية السعودية والولايات المتحدة الأمريكية، بُعيد اللقاء الذي جمع وزيري خارجية البلدين أنتوني بلينكن والأمير فيصل بن فرحان على هامش الاجتماع الخاص لمنتدى الاقتصاد العالمي في الرياض.لقاء الوزيرين كان مناسبة رسمية لإعلان ""قرب"" توقيع الاتفاقية من دون إعطاء المزيد من التفاصيل حول الموعد أو حول نوعية الاتفاقية، ذلك أن لواشنطن أنواعا مختلفة من الاتفاقيات الدفاعية التي تبرمها عادة مع حلفائها، إذ لا تتشابه تلك الاتفاقيات لا في البنود ولا في التعهدات.صدر الصورة،EPAالتعليق على الصورة،وزير الخارجية الأمريكي أنتوني بلينكن متحدثاً في الاجتماع الخاص لمنتدى الاقتصاد العالمي في الرياض الشهر الماضيالجديد في هذه التقارير الصحافية والتصريحات الرسمية الصادرة من البيت الأبيض ه",7
"أبرز حوادث الطيران التي لقيت فيها شخصيات معروفة مصرعهاصدر الصورة،Reutersالتعليق على الصورة،السفارة الإيرانية في العاصمة الروسية موسكو تضع صورة الرئيس الإيراني إبراهيم رئيسي أمام مبناها بعد تحطم طائرة هليكوبتر كانت تقله بالقرب من الحدود الإيرانية مع أذربيجان، 20 مايو/ أيار 2024Article informationAuthor,ليلى بشار الكلوبRole,بي بي سي نيوز عربي20 مايو/ أيار 2024أعادت حادثة مصرع الرئيس الإيراني ووزير خارجيته إثر سقوط مروحيتهم، حوادث مشابهة إلى الواجهة مرة أخرى، فإبراهيم رئيسي وحسين عبد اللهيان ليسا أول سياسيين معروفين يفقدان حياتهما في حادث مروحية أو طائرة.من هو الرئيس الإيراني الراحل إبراهيم رئيسي؟وقد تكون الحادثة الأبرز التي لم يمض عليها وقت طويل، تحطم طائرة يفغيني بريغوجين، زعيم مجموعة فاغنر، قرب العاصمة الروسية موسكو في أغسطس/ آب الماضي، فما الذي نعرفه عن هذه الحادثة، ومن هم أبرز السياسيين والقادة الذين فقدوا حياتهم في حوادث جوية؟صدر الصورة،Reutersالتعليق على الصورة،نصب تذكاري مؤقت ليفغيني بريغوجين، نصب في سان بطرسبرغ، مسقط رأسه في روسيا، بعد مرور 40 يوما على وفاتهقائد مجموعة فاغنر يفغي",0
"ردود فعل متباينة حول اتفاق حمدوك مع فصيلين مسلحين على تقرير المصير وعلمانية الدولةصدر الصورة،Getty Imagesالتعليق على الصورة،صورة أرشيفية لرئيس الحركة الشعبية لتحريرالسودان - شمال، عبد العزيز الحلو (يسارا)Article informationAuthor,محمد محمد عثمانRole,مراسل بي بي سي للشؤون السودانية19 مايو/ أيار 2024وقع رئيس الوزراء السوداني السابق، ورئيس تنسيقية القوى المدنية الديمقراطية عبد الله حمدوك مع فصيلين مسلحين اتفاقا يطالب بوقف الحرب ويقضي بتقرير المصير وعلمانية الدولة.ووقع حمدوك الاتفاق مع رئيس حركة تحرير السودان في دارفور عبد الواحد محمد نور، ورئيس الحركة الشعبية لتحرير السودان شمال عبد العزيز الحلو تواليا في نيروبي وبحضور الرئيس الكيني وليام روتو.وينص الاتفاق الذي أطلق عليه إعلان نيروبي الدعوة إلى وقف الحرب وتأسيس الدولة المدنية ومنح حق تقرير المصير لشعوب السودان في حال عدم تضمين مبادئ الاتفاق في الدستور الدائم في البلاد.فصل الدين عن الدولة يثير جدلا في السودان بعد تضمنه في اتفاق المبادئمظاهرات السودان: السلطات ""تضبط خلية تابعة لحركة عبد الواحد نور المتمردة كانت تخطط لاغتيالات وسط المحتجين""و",3
"""كلما طال أمد الحرب، كلما زادت عزلة إسرائيل عن أصدقائها الإقليميين وحلفائها الدوليين""- الإندبندنتصدر الصورة،Reuters19 مايو/ أيار 2024في عرض الصحف اليوم نبدأ جولتنا من صحيفة الإندبدنت في مقال تحت عنوان ""يجب أن نجد طريقا لتوحيد جميع الأطراف من أجل تحقيق السلام في غزة"".واعتبر المقال أن بناء الميناء البحري المؤقت في غزة يعد إشارة قوية للإسرائيليين بأن المجتمع الدولي لن يقف مكتوف الأيدي بينما تطارد المجاعة الأرض المقدسة، وأن الرئيس الأمريكي جو بايدن سوف يفعل كل ما بوسعه لمحاولة تجنب توسع الأزمة.ورأت الصحيفة ""أن وجود الرصيف البحري هو في حد ذاته ""إدانة للسياسة الإسرائيلية""، ودليل واضح للغاية للعالم على أن إدارة نتنياهو فشلت في واجبها إزاء حماية أرواح الأبرياء، والوفاء بوعودها"".وحتى الآن، حيث أصبح نقص الغذاء خطيراً للغاية، فإن استيلاء إسرائيل على المعبر البري في رفح وإغلاقه يسبب المزيد من الصعوبات، وكذلك الأمر، بحسب الصحيفة، بالنسبة لما يبدو أنه تخريب لإيصال المساعدات من الأردن على يد مستوطنين إسرائيليين في الضفة الغربية، لا يساعد أي من هذا في الدفاع عن إسرائيل ضد تهمة الإبادة الجماعية الموجهة",6
"جدة بريطانية ثمانينية تصعد جبلاً في فرنسا على متن دراجة هوائية، والسبب غزة!صدر الصورة،PA Mediaالتعليق على الصورة،آن جونز أكملت المسار في ست ساعاتArticle informationAuthor,جيس وارنز وبي إيه ميدياRole,بي بي سي نيوز19 مايو/ أيار 2024شاركت جدة بريطانية تبلغ من العمر 82 عاماً في تحدي صعود واحد من أشهر الجبال في فرنسا على متن دراجة هوائية ضمن السباق المعروف باسم طواف فرنسا أو ""تور دو فرانس"" من أجل جمع التبرعات لمساعدة غزة.فقد ركبت الجدة آن جونز، وهي من لويشام جنوبي العاصمة البريطانية لندن، دراجتها الهوائية لمسافة 20 كيلومتراً صعوداً إلى جبل ""مونت فينتو"" في جنوبي فرنسا من أجل دعم حملة  نداء غزة التي نظمتها مؤسسة آموس ترست الخيرية.وواجهت البَرَد والمطر والضباب خلال ركوبها الدراجة لمدة ست ساعات وصولاً إلى قمة الجبل على ارتفاع 1910 مترا عن مستوى سطح البحر.وتمكنت السيدة جونز من جمع 13,000 جنيه استرليني من أجل الحملة.وقالت السيدة جونز وهي جدة لستة أحفاد إنها ""سعيدة"" لإتمامها التحدي وتأمل أن يغير ذلك ""الافتراضات"" التي يكونها الناس عندما يرون ""وجهاً مسناً"".تخطى قصص مقترحة وواصل القراءةقصص مقترحةنقطة",6
"قوات الدعم السريع في السودان تؤكد استعدادها فتح مسارات آمنة لخروج المواطنين من مدينة الفاشر المحاصرةصدر الصورة،Getty Imagesالتعليق على الصورة،الملايين من المواطنين نزحوا في السودان منذ اندلاع الحرب الأهلية في أبريل/ نيسان 202318 مايو/ أيار 2024أكدت قوات الدعم السريع في السودان أنها مستعدة لفتح مسارات آمنة لخروج المدنيين من مدينة الفاشرالمحاصرة الواقعة في ولاية شمال دارفور غربي السودان إلى مناطق آمنة وتوفير الحماية لهم.وقالت في بيان لها نُشر على منصة إكس الجمعة: ""نؤكد استعداد وجاهزية قواتنا لمساعدة المواطنين بفتح مسارات آمنة لخروجهم إلى أماكن أخرى أكثر أمناً يختارونها طوعاً وتوفير الحماية لهم"".وأكدت في البيان على عدم وجود عداء بين القوات والمواطنين في المدينة. وطلبت من السكان تجنب المناطق المستهدفة بالطيران والابتعاد عن مناطق الاشتباكات وعدم الالتفات إلى الشائعات.وقال البيان إن ""الأكاذيب وعمليات التضليل الممنهج لنشر الخوف والذعر وسط المواطنين لن تنطلي على إنسان دارفور وشعبها الذي خبر ألاعيب ومكر عصابة السلطة وأذيالها من حركات الارتزاق ويتطلع إلى الانعتاق من براثن الفلول وأعوانهم"".وأعلنت",3
"علماء يتوصلون إلى حل للغز بناء أهرامات مصرصدر الصورة،Getty ImagesArticle informationAuthor,مالو كورسينوRole,بي بي سي نيوز18 مايو/ أيار 2024يعتقد علماء أنهم ربما تمكنوا من حل لغز كيفية بناء 31 هرماً في مصر، منها أهرامات الجيزة المعروفة على مستوى العالم، والتي بُنيت منذ أكثر من 4000 عام.اكتشف فريق بحث من جامعة نورث كارولينا ويلمنغتون، أن الأهرامات ربما تكون قد شُيّدت على طول فرع قديم لنهر النيل لم يعد موجوداً منذ زمن طويل، والذي تغطيه اليوم الصحراء والأراضي الزراعية.لسنوات عديدة، اعتقد علماء الآثار أن المصريين القدماء استخدموا ممراً مائياً قريباً لنقل المواد مثل الكتل الحجرية اللازمة لبناء الأهرامات بالقرب من النهر.لكن حتى الآن، ""لم يكن أحد متأكداً من موقع أو شكل أو حجم أو مدى قرب هذا الممر المائيّ الضخم من موقع الأهرامات الفعلي""، وفقاً لإحدى القائمين على هذه الدراسة، البروفيسورة المصرية إيمان غنيم.صدر الصورة،Eman Ghoneim/UNCWالتعليق على الصورة،البروفيسورة إيمان غنيم قادت فريق البحث الذي توصل إلى هذا الاكتشافوفي جهد عابر للقارات، استخدمت مجموعة الباحثين صور الأقمار الاصطناعية الرادارية، ",3
"الموناليزا: جيولوجية تحل لغز المكان الذي رُسمت فيه اللوحةصدر الصورة،Getty Imagesالتعليق على الصورة،لوحة الموناليزا الشهيرة من أعمال ليوناردو دافينشيArticle informationAuthor,سونيث بيريراRole,بي بي سي15 مايو/ أيار 2024تعد لوحة الموناليزا واحدة من أشهر اللوحات في العالم، وعلى الرغم من ذلك لا يزال الغموض يكتنفها حتى الآن.اشتهرت تلك اللوحة التي رسمها ليوناردو دافنشي بابتسامتها الغامضة، بيد أنه بعد مرور ما يزيد على 500 عام على رسمها، لا تزال أسئلة تُطرح بشأن العديد من العناصر الفنية المكونة للوحة.وتعتقد آن بيتزوروسو، عالمة الجيولوجيا ومؤرخة الفن في عصر النهضة، أنها استطاعت حل أحد تلك الألغاز، ألا وهو لغز الموقع الذي رُسمت فيه اللوحة.استعانت بيتزوروسو بخبرتها لتحديد المناظر الطبيعية التي تظهر في اللوحة، وتوصلت إلى أن الجسر الظاهر في الخلفية، والذي يعود إلى القرن الرابع عشر، يشير إلى أن اللوحة رُسمت في مدينة ليكو الإيطالية، على ضفاف بحيرة كومو في منطقة لومباردي.الموناليزا: نسخة طبق الأصل من لوحة ليوناردو دافنشي الشهيرة معروضة للبيع بما يصل إلى 300 ألف يوروالموناليزا: رجل يرتدي زي إمرأة عجوز ي",0
"بنوك مودي في الهند تنفق 400 مليار دولار ليفوز بدورة ثالثةصدر الصورة،Bimal Thankachanالتعليق على الصورة،تحصل ساراسواتي، التي فقدت زوجها منذ 30 سنة، على معاش أرامل قيمته 35 دولارا أمريكيا لحفظ كرامتهاArticle informationAuthor,سوتيك بيسواسRole,مراسلة بي بي سي في الهند9 مايو/ أيار 2024أخيرا، قد يحصل بالارام بهلفي وأسرته على بيت يعيشون تحت سقفه.ولسنوات عدة، عاش بهلافي وزوجته وأطفالهما الأربعة الذين يتلقون التعليم في المدارس - في كوخ في قرية مشمسة في ولاية ماديا براديش بوسط الهند. وفي جزء من ردهة الكوخ بأرضيتها الطينية هناك مطبخ، وبعض الكراسي البلاستيكية، وسريران من الحبال، وأحبال غسيل متآكلة.بعد ثلاث سنوات من الانتظار، حصلت عائلة بهلافي على 120 ألف روبية (1445 دولاراً أمريكياً) من برنامج تديره حكومة رئيس الوزراء الهندي ناريندرا مودي العام الماضي، وهو ما مكنهم من البدء في بناء منزل جديد.وبُني أكثر من 25 مليون منزل منذ عام 2016 في إطار برنامج الإسكان العام في المناطق الريفية في إطار ما يُعرف بـ""خطة رئيس الوزراء للإسكان""، وهو واحد من أكثر من 300 خطة فيدرالية يعتمد عليها مودي لتعزيز الدعم لحزبه",0
"""نحن بحاجة إلى معجزة"": الاقتصادان الإسرائيلي والفلسطيني متضرران من الحربصدر الصورة،Getty Imagesالتعليق على الصورة،في هذا الوقت من العام تعج البلدة القديمة في القدس بالزوارArticle informationAuthor,واير ديفيزRole,بي بي سي نيوز- القدس24 أبريل/ نيسان 2024مرّت أكثر من ستة أشهر على الحرب المدمرة في غزة، تأثر خلالها الاقتصادان الإسرائيلي والفلسطيني بشكل هائل، إذ تم القضاء على كل الأنشطة الاقتصادية في غزة تقريبا، كما يقول البنك الدولي إن الحرب أضرت بشدة أيضا بالأعمال التجارية الفلسطينية في الضفة الغربية المحتلة.وبينما يحتفل الإسرائيليون بعيد الفصح اليهودي، تحاول ""دولة الشركات الناشئة"" التي يتباهى بها كثيرون، أن تظل اقتراحا جذابا للمستثمرين.الشوارع المرصوفة بالحصى في البلدة القديمة في القدس هادئة بشكل كامل، إذ لا توجد طوابير طويلة لزيارة الأماكن المقدسة، على الأقل تلك التي لا تزال مفتوحة، وعادة ما تعج الأحياء الأربعة للمدينة القديمة بالزوار، بعد عيد الفصح وشهر رمضان مباشرة وفي منتصف عيد الفصح.وفي فبراير/ شباط، وصل 68 ألف سائح فقط إلى إسرائيل، وفقًا لمكتب الإحصاء المركزي في البلاد. وهذا يمثل ان",6
"التضخم في تركيا: ""نحن عالقون بين سداد بطاقة الائتمان والاستدانة مرة أخرى""التعليق على الصورة،تقول  ناز إنها علقت في حلقة مفرغة، حيث تحصل على راتبها، وتقوم بسداد رصيد بطاقتها الائتمانية، ثم تضطر للاستدانة مرة أخرى.Article informationAuthor,أوزغيه أوزديميرRole,بي بي سي نيوز - تركيا26 أبريل/ نيسان 2024""إذا لم أتمكن من استخدام بطاقة الائتمان أوالسداد بالتقسيط، فلن أتمكن من شراء أي شيء""، هذا ما قالته ناز تشاكار.وناز، وهي عاملة في مصنع وعمرها 26 عامًا، واحدة من ملايين الأشخاص في تركيا يعتمدون في معيشتهم بشكل أساسي على بطاقات الائتمان.ارتفع معدل التضخم السنوي في تركيا إلى 68.5% في مارس/آذار، ويلجأ عدد متزايد من الناس إلى بطاقات الائتمان لتلبية احتياجاتهم الأساسية مثل الغذاء أو المأوى.وقالت ناز ""أدى ارتفاع التضخم إلى تآكل رواتبنا، وانخفاض قدراتنا الشرائية. حتى عند شراء أبسط الأشياء، علينا أن نفكر مرتين"". ويشكل ارتفاع أسعار المواد الغذائية أحد أهم الأعباء التي يواجهها الناس في تركيا.ويبلغ الحد الأدنى للأجور في تركيا 17 ألف ليرة، أي ما يعادل 524 دولارًا شهريًا. وتبلغ عتبة الفقر حوالي  25 ألف ليرة",1
"لماذا يعتبر الهواء النقي رفاهية لا يقدر الكثيرون على كُلفتها؟صدر الصورة،Getty ImagesArticle informationAuthor,كامالا ثياغاراجانRole,بي بي سي فيوتشر21 أبريل/ نيسان 2024على الرغم من أن كل شخص في العالم تقريبا يتنفس الآن هواء ملوثا بطريقة ما، إلا أن قصة تلوث الهواء هي إحدى قصص عدم المساواة البيئية.في كل مرة تشعل ميثيليش الموقد لتطبخ، تؤلمها عيناها ذلك أن المنزل الصغير الذي تتقاسمه ربة المنزل البالغة من العمر 29 عامًا مع زوجها وابنتها وابنها وأصهارها المسنين في حي فقير في العاصمة الهندية دلهي يمتلئ بسرعة بالدخان.وتقوم ميثيليش بالطهي فوق شولها التقليدي  - وهو موقد احتراق مطلي بالمعدن  يستخدم الحطب كوقود - منذ أن كان عمرها 13 عامًا وهي غالبًا ما تعاني من صعوبة في التنفس وتعاني من نوبات سعال لا يمكن السيطرة عليها.درجات الحرارة: هل أصبحت حرائق الغابات أكثر تكراراً وشيوعاً؟ما الأثر الذي يتركه تلوّث الهواء على عقولنا وأجسادنا على المدى البعيد؟تخطى قصص مقترحة وواصل القراءةقصص مقترحةلماذا قرر بوتين إعفاء وزير الدفاع الروسي سيرغي شويغو من منصبه؟نقطة حوار - لماذا يتحرك الشارع الغربي لوقف حرب غزة ويب",2
"هل يزعم الغرب أن الصين تنتج فائضا عن حاجتها بينما يشكو عمالها من البطالة؟صدر الصورة،Wang Xiqing/BBCالتعليق على الصورة،يقول رين وينبينغ إنه يستحق تعويضا بآلاف الدولارات بعد أن نقل رب العمل السابق نشاطه الإنتاجي خارج الصين.Article informationAuthor,لورا بيكرRole,مراسلة بي بي سي في الصين19 أبريل/ نيسان 2024يتردد عامل يدعى رين وينبينغ في مغادرة بناية من الطوب كانت يوما ما مصنعا ناجحا في مدينة دونغقوان، مركز الصناعة الصينية.قال الرجل البالغ من العمر 54 عاما، وهو يشير إلى المكان الذي كان يعمل فيه بحرفة تجميع الأثاث والمكان الذي كان زملاؤه يجتمعون فيه لتناول طعام الغداء: ""جميع العمال في حالة ذهول"".قرر صاحب المصنع نقل نشاطه الإنتاجي إلى منطقة جنوب شرقي آسيا بغية خفض التكاليف، ويقول رين إنه يستحق ما يزيد على 80 ألف يوان (ما يعادل 11 ألف دولار) على سبيل التعويض مقابل تسريحه من العمل، وهو ما قد يستغرق سنوات ليكسبه.ويضيف: ""نشعر بخيبة أمل وحزن"".الحرب التجارية الأمريكية الصينية: ماذا تريد الولايات المتحدة من الصين؟الصين والولايات المتحدة: أين يقع البلدان ضمن موازين القوى الحالية؟ولا يشعر رين بالحزن ",1
"قضية أموال ""قذرة"" بقيمة ملياري دولار تهز سنغافورةصدر الصورة،Getty Imagesالتعليق على الصورة،سلطت هذه القضية الضوء على وضع سنغافورة كمركز ماليArticle informationAuthor,كيلي نيغRole,بي بي سي - سنغافورة13 أبريل/ نيسان 2024بدأت محكمة سنغافورية إصدار أحكام في قضية مثيرة، اتُهم فيها 10 مواطنين صينيين بغسل نحو 2.2 مليار دولار أمريكي حصلوا عليها من أنشطة إجرامية في الخارج.وتورط في الفضيحة العديد من البنوك ووكلاء العقارات وتجار المعادن النفيسة ونوادي الغولف الكبرى. وأدى ذلك إلى مداهمات واسعة النطاق في بعض الأحياء الأكثر ثراء، حيث صادرت الشرطة مليارات الدولارات من الأموال والأصول.وقد استحوذت التفاصيل المروعة  للفضيحة على اهتمام السنغافوريين، فمن بين الأصول التي تمت مصادرتها 152 عقارا و62 مركبة وعددا كبيرا من الحقائب الفاخرة والساعات، ومئات القطع من المجوهرات وآلاف زجاجات الكحول.سنغافورة: ماذا نتعلم من هذا البلد الآسيوي المولع بالنظافة لدرجة جعلته يحظر العلكة؟ما الذي يجعل مطار شانغي السنغافوري الأفضل على مستوى العالم؟وفي وقت سابق من هذا الشهر، أصبح ""سو وين تشيانغ"" و""سو هايجين"" أول من يُسجن في هذه ",0
كيف تُصدّر أوكرانيا حبوبها وما حجمها الآن؟صدر الصورة،ISTOCKالتعليق على الصورة،سفينة تحمل الحبوب في ميناء تشورنومورسك على ساحل البحر الأسود بأوكرانيا30 مارس/ آذار 2024تصدّر أوكرانيا الآن نحو خمسة ملايين طن من الحبوب شهريا، أي بأكثر مما كانت تصدّر في صيف 2023، عندما انسحبت روسيا من اتفاقية حبوب البحر الأسود.وفي يوليو/تموز 2023، توقفت روسيا عن توفير مرورٍ آمِن لسفن الشحن الذاهبة إلى أوكرانيا والعائدة منها، ونتيجة لذلك تراجعت صادرات الحبوب الأوكرانية.ما حجم صادرات أوكرانيا من الحبوب؟في فبراير/شباط 2024، صدّرت أوكرانيا 5.8 مليون طن من الحبوب، كما كانت قد صدّرت 5.3 مليون طن في يناير/كانون الثاني.فيما تراجع في مارس/آذار حجم صادرات أوكرانيا من الحبوب، حيث أخرجت في الفترة الممتدة بين الأول من الشهر ذاته والسابع والعشرين منه نحو 4.5 مليون طن من الحبوب.يُذكر أنه قبل الاجتياح الروسي لأوكرانيا في 2022، كانت الأخيرة تصدّر حوالي 6.5 مليون طن من الحبوب شهريا.تخطى قصص مقترحة وواصل القراءةقصص مقترحةأعاصير، واختناقات بحرية، وارتفاعات في منسوب المياه - كيف يهدد احترار المحيطات استقرار الكوكب؟كيف أصبح الأو,2
"شركة يابانية توقف إنتاج حفاضات الأطفال لتوفيرها للبالغينصدر الصورة،Getty Imagesالتعليق على الصورة،انخفض عدد الأطفال المولودين في اليابان عام 2023 بنسبة 5.1 في المئة عن عام 2022Article informationAuthor,ماريكو أويRole,بي بي سي27 مارس/ آذار 2024أعلنت شركة يابانية لصناعة الحفاضات أنها ستتوقف عن إنتاج حفاضات الأطفال في البلاد، وبدلا من ذلك ستركز على  توفير حفاضات لكبار السن والبالغين.وأصبحت شركة أوجي هولدينغز  Oji Holdings، أحدث شركة تقرر تحويل نشاطها من الأطفال إلى البالغين في البلد الذي بات يعاني من شيخوخة سريعة، بسبب تراجع أعداد المواليد إلى معدلات قياسية خلال الفترة الماضية.وبحسب الإحصاءات فإن مبيعات حفاضات الأطفال تراجعت بصوة كبيرة في مقابل ارتفاع مبيعات حفاضات البالغين، خلال العقد الماضي.وانخفض عدد الأطفال المولودين في اليابان في عام 2023 بنسبة 5.1 في المئة عن العام السابق، وتم تسجيل 758 ألفا و631 مولودا فقط.وكان هذا أيضا أقل عدد من الولادات المسجلة في اليابان منذ القرن التاسع عشر. ففي السبعينيات، وصل هذا الرقم إلى أكثر من مليونين.تخطى قصص مقترحة وواصل القراءةقصص مقترحةأعاصير، واختنا",0
"ماكدونالدز تسترد ملكية فروع مطاعمها في إسرائيلصدر الصورة،Getty Imagesالتعليق على الصورة،كندا من بين الدول التي شهدت احتجاجات ضد السلسلةArticle informationAuthor,جيما ديمبسيRole,بي بي سي نيوز5 أبريل/ نيسان 2024تعتزم شركة ماكدونالدز العملاقة للوجبات السريعة، استعادة ملكية جميع فروع مطاعمها في إسرائيل بعد مقاطعة العلامة التجارية على خلفية الحرب في قطاع غزة.وقالت الشركة إنها توصلت إلى اتفاق مع صاحب الامتياز ألونيال لإعادة 225 متجراً في جميع أنحاء البلاد، والتي توظف قرابة 5000 شخص.وتعرضت شركة ماكدونالدز لانتقادات واسعة بعد أن بدأ ألونيال في توزيع آلاف الوجبات المجانية على الجنود الإسرائيليين.وتراجعت مبيعات ماكدونالدز في المنطقة منذ بدء الحرب في أكتوبر/تشرين الأول الماضي.وقالت ماكدونالدز يوم الخميس، إنه تم توقيع اتفاق مع شركة ألونيال التي تدير سلسلة ""جولدن أرشز"" في إسرائيل منذ أكثر من 30 عاماً.تخطى قصص مقترحة وواصل القراءةقصص مقترحةمحكمة العدل الدولية تأمر إسرائيل بالوقف الفوري لعملياتها العسكرية في رفحماذا يعني تدخل مصر لدعم دعوى جنوب أفريقيا ضد إسرائيل أمام محكمة العدل الدولية؟ما أحدث القد",6
"بريطانيا تشهد أكبر ارتفاع في معدل الفقر المدقع منذ 30 عاماصدر الصورة،Getty ImagesArticle informationAuthor,روبرت كوفيRole,رئيس قسم الإحصاءات-  بي بي سي لتقصي الحقائق22 مارس/ آذار 2024أظهرت إحصائيات جديدة أن أزمة أسعار الطاقة تسببت في أكبر زيادة في الفقر المدقع في بريطانيا منذ 30 عاما.وأدى الارتفاع الحاد في الأسعار، في أعقاب الغزو الروسي لأوكرانيا، إلى سقوط مئات الآلاف من الأشخاص في الفقر المدقع.وقفز الرقم إلى 12 مليونا في 2022-2023، بزيادة 600 ألف.وهذا يعني أن معدل الفقر المدقع في بريطانيا يبلغ الآن 18%، بزيادة قدرها 0.78 نقطة مئوية.والفقر المدقع هو المقياس الذي يستخدمه رئيس الوزراء عند وصف الأمر في سجل الحكومة.تخطى قصص مقترحة وواصل القراءةقصص مقترحةناريندرا مودي: عقد من الشعبية والاستقطاب السياسي في الهندالهند تشهد أكبر انتخابات في تاريخها بمشاركة مليار ناخبالرئيس الفرنسي يزور جزيرة كاليدونيا الجديدة وسط استمرار أعمال شغبما أسباب ارتفاع معدل الانتحار بين الشباب الأمريكيين؟قصص مقترحة نهايةوكان من الممكن أن تقع المزيد من الأسر في الفقر المدقع لولا الدعم الحكومي مثل مدفوعات تكاليف المعيش",0
المحكمة العليا تقضي بعدم جواز قرار منع ترامب من خوض السباق الرئاسيصدر الصورة،Getty Images5 مارس/ آذار 2024أبطلت المحكمة العليا الأمريكية الجهود التي بذلتها ولايات منفردة لمنع دونالد ترامب من الترشح للرئاسة باستخدام فقرة في الدستور خاصة بالتحريض على التمرد.ومنعت كولورادو ترامب من المشاركة في الانتخابات التمهيدية للحزب الجمهوري، بحجة أنه حرض على أعمال الشغب في الكابيتول عام 2021.وقضت المحكمة بأن الكونغرس فقط، وليس الولايات، هو من يملك هذه السلطة.ويمهد قرار المحكمة العليا الطريق أمام ترامب للتنافس في الانتخابات التمهيدية في كولورادو المقرر إجراؤها يوم الثلاثاء.وترامب هو المرشح الأوفر حظا للفوز بترشيح الحزب الجمهوري ويبدو من المرجح أن يخوض منافسة ثانية مع الرئيس الديمقراطي جو بايدن في الانتخابات العامة المقررة في نوفمبر/ تشرين الثاني.تخطى قصص مقترحة وواصل القراءةقصص مقترحةهل يساعد الذكاء الاصطناعي في منع انقطاع الكهرباء في المستقبل؟محكمة العدل الدولية تأمر إسرائيل بالوقف الفوري لعملياتها العسكرية في رفحالعثور على ملفات حساسة في غرفة نوم ترامب بعد تفتيش مكتب التحقيقات الفيدراليمحمود عباس: و,4
"كيف أثرت القيود المفروضة على العملة الأجنبية سلباً على حياة المصريين؟Article informationAuthor,سلمى خطابRole,بي بي سي نيوز عربيReporting fromالقاهرة29 فبراير/ شباط 2024أياماً وشهوراً قضاها أيمن (اسم مستعار) في التخطيط لرحلة علاج زوجته من مضاعفات إصابتها بسرطان الدم، بداية من اختيار المركز الذي ستخضع فيه للجراحة في النمسا، ثم الحصول على التأشيرات الضرورية، والإقامة في منزل أصدقاء لتقليل النفقات، وغيرها من ترتيبات السفر.لكن خطط أيمن كلها تعطلت حين عجز عن توفير المبلغ المطلوب للعلاج بالعملة الصعبة، إثر أزمة النقص الحاد في النقد الأجنبي التي تشهدها مصر، والقيود المفروضة من البنوك المصرية على المعاملات بالعملات الأجنبية.وكانت مصر قد فرضت قيوداً مشددة على معاملات الأفراد والشركات عبر البنوك بالعملات الأجنبية، تشمل وقف استخدام بطاقات الخصم المباشر في المعاملات الدولية، ووضع حدود قصوى للسحب على البطاقات الائتمانية تصل إلى 50 دولارا شهريا فقط في بعض البنوك.أسعار العملات في السوق الموازيةتقول الحكومة المصرية إن هذه القيود جاءت لتخفيف الطلب على العملات الأجنبية، إذ تعيش مصر أزمة اقتصادية حادة، تت",1
"ماذا نعرف عن حريق فالنسيا وأسبابه المحتملة؟صدر الصورة،Getty Imagesالتعليق على الصورة،صورة للمجمع قبل الحريق24 فبراير/ شباط 2024لا تزال إسبانيا في صدمة بعد الحريق الذي نشب في مجمع سكني في مدينة فالنسيا، وأدى إلى مقتل تسعة أشخاص على الأقل، واعتبار 15 آخرين في عداد المفقودين.وكانت السلطات قد أعلنت في وقت سابق، مقتل عشرة أشخاص، لكنها تراجعت فيما بعد، وقالت إن القتلى تسعة أشخاص فقط، واعتبرت الشخص العاشر في عداد المفقودين حتى الأن.كيف بدأ الحريق؟وشب الحريق في مبنى مؤلف من 14 طابقاً في منطقة كامبانار ثم انتشر إلى مبان مجاورة ليشمل منطقة أوسع من المباني.وبدأ الحريق مساء الخميس في الطابق الرابع من أكبر مبنى في المدينة، ولم تعرف أسبابه حتى اللحظة.تخطى قصص مقترحة وواصل القراءةقصص مقترحةماذا نعرف عن ""المنطقة الإنسانية الموسعة"" في غزة؟ماذا نعرف عن مدينة رفح التي تهدد إسرائيل باجتياحها عسكرياً؟ماذا يحدث على الحدود الأردنية - السورية؟ماذا يعني اعتراف ثلاث دول أوروبية جديدة بفلسطين كدولة؟قصص مقترحة نهايةانتشر الحريق بسرعة إلى مبان أخرى بسبب الرياح التي أججت ألسنة اللهب.ونجح رجال الإطفاء في إنقاذ بعض ا",3
"النكبة: ماذا حدث في 1948؟ ولماذا يحمل الفلسطينيون ""مفتاح العودة""؟صدر الصورة،Getty Imagesالتعليق على الصورة،فلسطينيون يفرون من ديارهم في عام 1948Article informationAuthor,غادة ناصفRole,بي بي سي نيوز15 مايو/ أيار 2024في 15 مايو/ أيار من كل عام، يُحيي الفلسطينيون حول العالم ذكرى النكبة.فخلال الشهور الأخيرة من عام 1947 وحتى أوائل عام 1949، أصبح نحو 750 ألف فلسطيني لاجئين خارج الأرض التي أصبحت إسرائيل.طُرد معظم هؤلاء أو فروا خوفاً على سلامتهم ولم يسمح لهم بالعودة.ويحيي ""يوم النكبة"" ذكرى فترة النزوح الأول والعقود التالية التي عاشها ملايين الفلسطينيين في المنفى.وفي هذه المناسبة التي تحتدم فيها المشاعر لطالما اندلعت أعمال عُنف بين الفلسطينيين والإسرائيليين على مدى السنوات.تخطى قصص مقترحة وواصل القراءةقصص مقترحة""لا حيلة ولا قوة لنا"": اللاجئون السوريون في الأردن ولبنان و""العودة الآمنة""ماذا يعني تدخل مصر لدعم دعوى جنوب أفريقيا ضد إسرائيل أمام محكمة العدل الدولية؟ماذا نعرف عن مدينة رفح التي تهدد إسرائيل باجتياحها عسكرياً؟ماذا يحدث على الحدود الأردنية - السورية؟قصص مقترحة نهايةولكن، كيف حدثت النكبة",6
"ماذا يعني تدخل مصر لدعم دعوى جنوب أفريقيا ضد إسرائيل أمام محكمة العدل الدولية؟صدر الصورة،آثار قصف إسرائيلي في مدينة رفح الفلسطينيةArticle informationAuthor,زينب ضبعRole,بي بي سي نيوز عربي14 مايو/ أيار 2024يرى مراقبون أن إعلان مصر عزمها التدخل رسمياً لدعم الدعوى التي رفعتها جنوب أفريقيا ضد إسرائيل أمام محكمة العدل الدولية يعد مؤشراً واضحاً على توتر العلاقات بين البلدين، فما الذي تعنيه هذه الخطوة؟ ولماذا أقدمت عليها مصر الآن؟وقالت مصر الأحد إن هذه الخطوة تأتي ""في ظل تفاقم حدة ونطاق الاعتداءات الإسرائيلية ضد المدنيين الفلسطينيين في قطاع غزة، والإمعان في اقتراف ممارسات ممنهجة ضد أبناء الشعب الفلسطيني من استهداف مباشر للمدنيين وتدمير البنية التحتية في القطاع، ودفع الفلسطينيين للنزوح والتهجير خارج أرضهم""، وفق بيان رسمي للخارجية المصرية.وبإعلان مصر هذه الخطوة، ستتمكن من تقديم الدعم القانوني والفني اللازم لجنوب أفريقيا في هذه القضية، وفقا للدكتور أحمد أبو الوفا، أستاذ القانون الدولي بكلية الحقوق، جامعة القاهرة.ما تأثير العملية العسكرية المحتملة في رفح على معاهدة السلام بين مصر وإسرائيل؟العلاقا",8
"""بمجرد دخولنا على المصابين والأطباء ترتفع معنوياتهم"" - أطباء أردنيون عائدون من غزةصدر الصورة،EPAArticle informationAuthor,يحيى كناكريهRole,بي بي سي عربي- عمّان13 مايو/ أيار 2024بعد مغادرتها عمّان إلى القاهرة، ومنها إلى غزة عبر معبر رفح، كانت رحلة الطبيبة الأردنية أسيل الجلاد ""مليئة بالتحديات والصعاب لتلبية نداء الإنسانية في القطاع ونصرة أهله"".رغم المسافة القصيرة، استغرقت الرحلة ساعات طويلة.الجلاد، وهي أخصائية النسائية والتوليد والعقم وجراحتها، وصفت الوضع الصحي في غزة بأنه ""بؤرة للأوبئة والأمراض"" في ظل ""التلوث البيئي وتكدس مئات الأشخاص في أماكن مغلقة دون أدنى الظروف الصحية المناسبة"".وقالت لبي بي سي عربي: ""الوضع العام سيء من جميع نواحي الحياة، سواء الوضع الصحي والنفسي والبنية التحتية وأغلب المباني مدمرة، والكهرباء مقطوعة وفي الليل تكون العتمة حالكة ولا يوجد أي طريقة للتخلص من النفايات ورائحتها الكريهة"".مراسل بي بي سي في غزة يوثق أصعب لحظات تغطيته للحربغضب رسمي أردني من ""اعتداء"" إسرائيليين على قافلتي مساعدات إلى غزة""ما بدنا إياكي تموتي""تخطى قصص مقترحة وواصل القراءةقصص مقترحةنقطة حوار - لم",6
"""إسرائيل ستدفع ثمن التردد في اتخاذ القرار في غزة"" -  جيروزاليم بوستصدر الصورة،Reuters12 مايو/ أيار 2024نبدأ جولة الصحف لليوم من صحيفة جيروزاليم بوست التي حذرت من أن تردد الحكومة الإسرائيلية في اتخاذ القرار له ثمن، على المستويين الخارجي والداخلي، وهو ما يهدد مستقبل إسرائيل.وقال يديديا ستيرن، أستاذ القانون في جامعة بار إيلان، في مقال بالصحيفة، إن إسرائيل عالقة، ""وكلمات قيادتنا حول تحقيق ""النصر الكامل لا تقنع الإسرائيليين مرة أخرى، وهو ما أكده استطلاع حديث للرأي وجد أن 62 في المئة من الإسرائيليين لا يعتقدون أن النصر الكامل ممكن"".كما أظهر استطلاع جديد أجراه معهد سياسات الشعب اليهودي أن الثقة في النصر انخفضت بين اليهود الإسرائيليين بمقدار النصف، من 74 في المئة في أكتوبر/تشرين الأول إلى 38 في المئة فقط في مايو/آيار.وتساءل الكاتب عن  المسؤول عن فقدان الإسرائيليين الثقة في النصر؟و أجاب الكاتب بأنه طوال نصف فترة الحرب تقريبا، مارست إسرائيل ضغطا عسكريا مخففا على أعدائها. خلال هذه الفترة، ""لم تكن هناك إنجازات مهمة ولم تحدث أي حركة على الأرض، لم يتم إطلاق سراح الرهائن، ويستمر القصف المهين على ""الح",8
"عائلات الرهائن الإسرائيليين تطالب بـ""صفقة فورية"" بعد إعلان حماس موت رهينتينصدر الصورة،Reuters11 مايو/ أيار 2024بثت كتائب القسام، الجناح العسكري لحركة حماس، السبت مقطعا مصورا لرهينة في قطاع غزة، قالت في وقت لاحق إنه توفي متأثرا بجراح أصيب بها قبل شهر خلال غارة إسرائيلية.وبثت القسام مقطعا مصورا بلغت مدته 11 ثانية، ويظهر فيه نداف بولابيل، وأرفق بنص باللغتين العربية والعبرية يقول ""الوقت ينفد. حكومتكم تكذب""، وفقا لوكالة فرانس برس.ونشر المقطع المصور عبر قناة ""تلغرام"" التابعة للجناح العسكري للحركة.وقررت الشرطة الإسرائيلية إغلاق شوارع رئيسية في تل أبيب قبل بدء المظاهرات مساء اليوم للمطالبة بصفقة فورية للإفراج عن الرهائن الإسرائيليين، وفق يديعوت أحرونوت.عشرات آلاف الإسرائيليين يتظاهرون في تل أبيب لإتمام صفقة الرهائن بالتزامن مع استمرار المفاوضاتحماس تقول إن هجوم رفح ""لن يكون نزهة""، ونتنياهو يتعهد بـ""الصمود"" إذا أوقفت واشنطن إرسال الأسلحة""يجب التوصل لصفقة بشكل فوري""هذا وأعلنت عائلات الرهائن الإسرائيليين عقد مؤتمر صحفي طارئ أمام مقر وزارة الدفاع بتل أبيب مساء اليوم.تخطى قصص مقترحة وواصل القراءةقص",8
"حماس تقول إن هجوم رفح ""لن يكون نزهة""، ونتنياهو يتعهد بـ""الصمود"" إذا أوقفت واشنطن إرسال الأسلحةصدر الصورة،Reuters10 مايو/ أيار 2024أعلنت حركة حماس أنها بصدد إعادة النظر في استراتيجيتها التفاوضية الحالية بالتشاور مع الفصائل الفلسطينية، متهمة إسرائيل بإعادة الأمور إلى المربَّع الأول، بعد رفضها مقترح الوسطاء ووضع تعديلات عليه.وتوعدت الحركة في بيان رسمي إسرائيل بأن هجومها على مدينة رفح الفلسطينية ""لن يكون نزهة""، مشيرة إلى أنها تعاملت "" بكل مسؤولية وإيجابية مع جهود الوسطاء، وأبدت ما يلزم من مرونة لتسهيل الوصول لاتفاق يحقّق وقف إطلاق النار بشكل دائم، والانسحاب الشامل للقوات الإسرائيلية من كامل قطاع غزة، وعودة النازحين بكل حرية، والوصول لتبادل أسرى عبر صفقة جادة وحقيقية تنهي معاناة اسرى الحركة في سجون إسرائيل مقابل الإفراج عن الأسرى الإسرائيليين"".وأضافت الحركة أن هجوم إسرائيل على رفح و""احتلالها معبر رفح من جانبه الفلسطيني، مباشرة بعد إعلان حماس موافقتها على مقترح الوسطاء""، يؤكّد أنَّ ""إسرائيل تتهرَّب من التوصّل لاتفاق""، متهمة رئيس الوزراء بنيامين نتنياهو وحكومته اليمينية  باستخدام المفاوضات ""غ",8
